52,78,280.42905,-0.204483,0.038124,0.242607,9.355,5.878,6.762,10.384,11.681,0.405210393,0.993620279,1.210546,4.359228,0.902743,2.331416,16.9837,7.43,35.75,3.63,6.38,13.2975,13.0370115,293.70856,0.5847,211.59819,2.2007,0,0,52,-53.71854,48.10614,20.71149,361.52167,0.19626416,70.95375,9.05403,21.96819,259.42,88.37,6.51435,15.66023,11.98265,1.40223,0,0,8.69816,-53.71854,46.712458,-7.56534,27.460781,6.514354,13.592274
24,49,186.18994,-0.232591,-0.029165,0.203425,9.183,5.792,6.319,6.89,11.338,0.461889437,0.978763812,1.141212,4.783089,0.849206,10.859912,141.8112,8.4,18.09,11.29,8.21,11.4975,3.997070021,172.2297,0.6856,120.64845,2.5626,-0.49296,-3e-05,24,-34.76912,62.45916,19.37537,289.06632,0.11377951,32.88983,16.76091,22.30534,115.65,67.17,7.50535,15.34067,11.80503,1.75313,-0.445293,-0.1326,10.98521,-34.769123,59.566841,5.69978,20.810296,7.50535,14.00262
34,69,262.28612,-0.222771,-0.028975,0.193796,9.621,6.011,6.458,11.335,11.612,0.394898827,0.965895858,1.172788,4.059509,0.959435,7.734053,210.9831,7.37,17.35,7.07,7.01,9.7,4.418834688,237.07196,0.6278,170.72807,2.5511,-0.48222,-1e-05,34,-40.46359,61.49358,17.32072,288.63936,0.13529175,39.05052,15.77435,20.28959,152.35,64.28,7.29723,15.33277,11.89346,1.62478,-0.440062,-0.14051,11.084,-40.463589,50.791807,1.10551,21.038004,7.297233,13.958181
58,113,426.47047,-0.22207,-0.026028,0.196043,16.729,9.565,7.64,12.58,18.571,0.47874507,0.970778881,1.041905,5.075931,0.021336,34.405639,10.733,11.16,10.92,5.49,5.35,8.23,2.811716558,395.00248,0.5266,282.07983,2.5105,-0.45481,-1e-05,58,-42.45598,62.79863,19.44613,286.83236,0.17394458,49.89293,15.93385,22.56408,282.93,71.65,7.15457,15.3053,11.8905,1.75469,-0.373406,-0.09198,10.95081,-42.455977,58.641447,0.14554,22.133412,7.155408,14.172121
55,109,412.44385,-0.218633,-0.026957,0.191676,14.43,8.415,7.843,12.023,15.839,0.443607338,0.941117053,1.577637,5.216802,1.680047,21.061548,242.5235,10.23,11.7,5.4,4.87,8.05,2.966892314,378.13754,0.5357,271.10784,2.5262,-0.46957,-4e-05,55,-47.90883,62.70008,18.47051,317.13998,0.20294932,64.36334,16.26554,22.21484,269.98,71.43,7.14992,15.31213,11.87918,1.77812,-0.395367,-0.08991,10.48678,-47.908834,55.869133,-4.76969,23.024212,7.149924,14.271171
64,111,410.52963,-0.208592,-0.02321,0.185382,10.512,6.456,10.974,11.549,12.861,0.363469365,0.996050186,1.876243,8.612879,0.423375,14.524037,236.5516,13.43,24.87,11.29,7.74,14.3325,6.414266813,391.95741,0.5315,282.72301,2.4112,-0.41254,0,64,-61.81966,64.80008,12.807,398.59732,0.24966719,99.51667,16.77897,20.86926,289.83,73.99,6.75852,15.83734,12.09209,1.55457,-0.319087,-0.05136,8.58716,-61.819657,48.036648,-18.27052,25.650677,6.758519,13.792994
22,33,118.15729,-0.223501,0.039751,0.263252,6.443,4.422,4.96,8.397,8.805,0.397301688,0.995590231,0.698092,2.543897,0.896907,3.914052,16.8135,13.07,44.43,12.72,12.72,20.735,13.68106081,140.95972,0.6865,89.50796,2.192,0,0,22,-52.63074,51.84256,23.30415,358.57291,0.22552172,80.86598,11.30183,25.82666,133.41,94.69,6.81508,13.97288,11.91106,1.64552,0,0,11.27206,-52.630737,49.884716,-7.749,22.90102,6.81508,13.768785
76,105,370.6364,-0.222011,0.04294,0.264951,19.606,11.003,5.958,20.483,21.98,0.453935276,0.998818504,0.838469,3.557578,0.911934,3.017078,174.4761,6.69,44.37,11.68,11.66,18.6,15.0165825,446.41665,0.4775,292.63213,2.1032,0,0,76,-54.69404,50.314,21.95848,340.90962,0.1860574,63.42876,8.06642,22.82352,411.56,92.24,6.77053,14.51786,12.02789,1.21824,0,0,11.15695,-54.694036,46.833642,-10.38457,22.612115,6.770527,13.474936
58,81,286.4767,-0.221868,0.042055,0.263922,15.179,8.79,7.695,15.014,17.367,0.433351632,0.987883959,1.131441,5.270519,0.88684,6.511053,92.9725,8.01,44.31,11.55,11.71,18.895,14.74770067,344.61269,0.5192,225.06492,2.1136,0,0,58,-54.59812,51.8204,22.50532,346.18888,0.19265157,66.69383,8.53356,23.62243,320.13,92.94,6.76636,14.61573,12.012,1.27743,0,0,11.10865,-54.598116,47.099713,-10.32328,22.696959,6.766359,13.514756
79,121,436.63443,-0.20921,0.03061,0.23982,13.886,8.143,9.158,11.23,15.919,0.438455394,0.977465308,1.617864,6.7675,1.578246,8.507485,135.2269,23.89,24.52,4.04,2.3,13.6875,10.53783036,453.72178,0.5038,324.94382,2.2313,0,0,79,-53.6688,53.64334,21.12321,380.78373,0.20805533,79.22409,9.96545,22.73424,396.14,87.36,6.60844,15.66717,11.95663,1.53703,0,0,9.03415,-53.668795,49.564666,-8.22987,26.661577,6.608437,13.506534
25,51,193.18578,-0.241237,0.012198,0.253435,8.625,5.863,5.083,10.946,11.669,0.421293956,0.995139007,0.758661,2.643757,1.980058,30.43747,828.0396,9.77,44.83,9.59,9.6,18.4475,15.23211143,193.93198,0.6212,124.34231,2.5799,0,0,25,-62.44826,105.10604,40.69383,768.09591,0.2384829,183.17774,38.77898,55.24961,181.14,93.45,7.28094,15.43572,12.31666,2.09466,0,0,11.26795,-5.835944,105.106038,43.60396,25.042245,7.280944,14.431426
64,99,358.54111,-0.209018,0.03259,0.241608,11.256,6.828,7.269,12.479,13.005,0.397062864,0.952328647,1.239684,4.882661,1.02165,6.3718,25.6434,5.42,38.15,2.13,2.47,12.0425,15.12737151,344.31481,0.5763,262.81961,2.2653,0,0,64,-60.15432,51.35907,22.26816,457.57335,0.15930618,72.89426,8.90598,23.62563,320.42,93.13,6.49126,15.51365,11.99882,1.3104,0,0,9.34423,-60.154321,43.726844,-17.01572,24.699295,6.491263,13.41943
34,57,208.23536,-0.224542,0.038106,0.262648,9.556,5.978,5.867,11.221,11.489,0.402036603,0.960940114,0.82613,3.534777,2.149009,17.103291,303.8074,17.37,44.2,9.74,11.07,20.595,13.929764,218.68979,0.5999,141.30867,2.447,0,0,34,-68.89306,126.51786,21.32159,757.89031,0.2499811,189.45825,23.31506,33.84355,201.35,92.13,6.83754,16.3455,12.34249,2.26222,0,0,11.23657,-48.802768,54.819334,-4.08722,22.690369,6.837536,13.615017
34,129,532.14306,-0.254081,-0.059986,0.194095,10.367,6.654,8.369,11.531,12.694,0.389458182,0.953862338,1.223569,5.426774,0.197302,7.954739,166.299,6.37,12.56,7.42,6.54,8.2225,2.535767882,321.01041,0.5558,224.09349,3.9432,-1.10731,-0.0037,34,-6.51347,105.07486,27.60433,520.07968,0.00404891,2.10575,22.79471,28.55924,200.67,62.55,8.33388,18.2559,15.00207,3.27519,-1.107309,-0.37678,10.32087,-3.635185,99.249044,40.26689,23.343771,8.333878,15.898146
26,45,166.20023,-0.217454,-0.01719,0.200264,8.54,5.47,5.918,7.275,10.817,0.450520616,0.988756856,0.868845,3.04726,0.850589,11.556468,58.3756,18.18,27.17,13.06,14.34,18.1875,5.517695964,173.43249,0.6658,116.68199,2.3652,-0.29134,0,26,-48.00008,60.69681,21.59818,290.08963,0.23718883,68.80602,14.76684,24.95182,144.27,83.22,6.95636,15.24811,11.91119,1.69927,-0.190651,-0.04123,10.87797,-48.000082,57.114739,-5.02905,22.235118,6.956361,14.087488
70,109,394.55458,-0.20978,-0.010793,0.198987,11.566,6.983,7.738,11.478,13.348,0.409900504,0.955749678,1.471022,5.427649,0.07119,15.147652,44.0204,18.39,16.91,11.45,12.77,14.88,2.85735892,428.87268,0.5011,296.2599,2.2115,-0.17187,0,70,-48.63918,59.13751,20.32252,301.11641,0.24980067,75.21908,11.90083,22.34724,352.99,82.34,6.62331,15.28071,11.94296,1.36167,-0.041076,-0.00717,7.30054,-48.639179,49.981491,-4.88986,24.955435,6.623559,13.423423
116,185,673.97452,-0.2029,0.02753,0.23043,17.013,9.707,10.866,11.804,19.33,0.460238095,0.995673226,1.802216,8.472177,2.240525,19.32,168.2537,33.96,23.77,1.42,1.34,15.1225,14.20692151,616.51803,0.4837,484.23232,2.3112,0,0,116,-92.09923,79.28757,21.8814,721.74074,0.1407614,101.59324,11.22681,25.04977,562.44,91.29,6.47483,15.50338,11.98,1.46428,0,0,8.90673,-58.221095,47.743779,-13.27592,26.851318,6.484494,13.514084
20,37,138.147,-0.221108,-0.017267,0.203841,7.516,4.958,5.334,6.994,9.806,0.443028824,0.988906817,0.538741,2.283772,0.769221,10.733781,48.6516,18.27,27.12,13.16,14.56,18.2775,5.435956103,139.25849,0.717,93.81749,2.4452,-0.29468,0,20,-45.53459,61.47894,21.52748,317.96408,0.21323848,67.80218,16.72141,25.39231,110.73,79.55,7.04275,15.27031,11.86222,1.8338,-0.19936,-0.04116,11.16452,-45.534595,61.478943,-1.61697,22.611395,7.042754,14.025766
76,120,436.65317,-0.202224,0.027892,0.230116,10.738,6.569,7.273,12.719,12.824,0.390784983,0.976099863,1.343423,4.873258,1.034123,6.670622,20.1514,4.96,37.78,1.45,2.73,11.73,15.09233083,393.8259,0.5701,316.33769,2.2921,0,0,76,-63.08114,50.42346,21.93558,472.42739,0.15102674,71.34917,8.76862,23.27748,367.07,93.26,6.3262,15.50843,12.0128,1.28747,0,0,8.78656,-63.081138,39.953744,-17.38793,27.687467,6.3262,13.35379
70,141,534.54835,-0.222263,-0.028956,0.193308,15.747,9.074,9.097,15.198,17.401,0.4173302,0.958838439,1.343738,6.613108,0.813723,21.340882,489.9517,20.56,19.98,4.84,7.61,13.2475,7.093424332,482.99936,0.4963,348.9684,2.5436,-0.50164,-2e-05,70,-44.7483,69.38634,20.43306,316.2997,0.1788367,56.56599,16.34034,23.41009,346.92,71.86,7.03903,15.30188,11.86146,1.87118,-0.390757,-0.06071,10.53641,-44.748303,56.50256,-2.16031,22.014334,7.039026,13.594914
66,104,377.54769,-0.207147,-0.022842,0.184305,12.409,7.58,10.264,13.027,15.145,0.394031637,0.999010554,1.812125,7.96467,11.658359,64.066972,643.6955,13.41,12.99,11.15,10.62,12.0425,1.181934326,411.37752,0.4961,274.14406,2.2869,-0.33261,0,66,-136.5892,148.63744,32.11038,2513.45589,0.21695645,545.31048,40.12822,54.51639,385.91,93.85,8.23916,15.2006,12.16988,1.58612,-0.002642,-0.00076,1.49407,102.164392,148.637444,131.2207,9.412904,14.282658,14.814248
36,63,232.73023,-0.234139,-0.033645,0.200495,9.116,5.758,6.27,8.566,11.274,0.431788587,0.978985759,1.087658,3.985932,1.872747,9.585472,37.5775,8.89,29.51,32.06,6.39,19.2125,11.64116913,224.79077,0.6298,158.40066,2.4397,-1.75688,0,36,-28.43731,98.10475,24.64112,215.45521,0.18687613,40.26344,13.46372,27.60911,208.73,92.92,7.63676,15.88811,12.01021,1.41296,-1.756884,-0.35786,10.69565,-27.79718,98.104752,18.22324,25.314936,7.636764,14.452703
52,83,302.43464,-0.222524,0.023531,0.246055,10.849,6.624,7.294,7.442,13.049,0.469641893,0.984978865,1.324817,4.971121,1.001043,7.638811,37.1632,5.31,38.26,7.25,4.3,13.78,14.1732371,277.10817,0.6292,216.50777,2.3196,0,0,52,-51.99168,52.91436,22.75715,338.73019,0.18696857,63.3319,8.5241,24.07515,262.35,94.73,6.88645,15.51675,11.94239,1.42728,0,0,9.17632,-51.991677,52.222641,-12.39982,22.656971,6.88645,13.31797
82,125,450.66105,-0.206357,0.035155,0.241512,14.311,8.356,7.347,11.014,16.683,0.476058669,0.99826472,1.287952,4.930777,0.428679,14.403957,39.3952,18.88,18.05,3.24,3.13,10.825,7.64573247,469.93033,0.4985,337.15331,2.2196,0,0,82,-52.40536,49.55271,20.91887,319.68462,0.21030074,67.22991,9.20286,22.35141,421.17,89.67,6.57418,15.66246,11.95366,1.51344,0,0,8.73591,-50.1695,49.242871,-6.29618,25.132191,6.605293,13.473708
48,71,254.3917,-0.206831,0.039814,0.246646,9.297,5.849,6.531,9.607,11.43,0.414611143,0.977090101,1.154025,4.130437,0.941242,3.016548,23.2366,7.96,37.14,3.39,6.71,13.8,13.57845168,275.3131,0.5899,194.61859,2.1705,0,0,48,-55.40531,51.64612,21.52575,390.2191,0.20245436,79.00156,9.71927,22.93288,244.2,88.75,6.52001,15.65088,11.99036,1.36451,0,0,8.83284,-55.405312,47.020706,-10.9604,26.769305,6.520006,13.586615
48,81,298.40288,-0.208993,-0.027646,0.181347,9.633,6.017,9.514,10.002,11.518,0.371141329,0.957121489,1.769444,7.032826,0.875265,6.270775,153.8526,7.72,31.77,8.34,7.68,13.8775,10.33355306,304.96947,0.5661,213.28513,2.3232,-0.40524,0,48,-61.22426,67.31206,18.22305,330.20822,0.24790919,81.86166,14.43258,22.03387,236.22,77.5,6.64441,15.27118,11.94854,1.35335,-0.319455,-0.04643,8.78342,-61.224257,52.332835,-14.3955,27.593591,6.644408,13.666179
31,45,160.23714,-0.216906,0.036033,0.252939,7.198,4.799,6.487,8.361,9.214,0.382927437,0.959991665,0.988858,4.083441,1.016879,4.505772,14.7275,11.26,41.79,14.04,4.75,17.96,14.16535739,190.44852,0.6336,124.62835,2.135,0,0,31,-55.46904,53.58531,23.33147,417.80269,0.20931828,87.45374,10.93572,25.39572,173.32,91.06,6.67127,14.48969,11.96577,1.42885,0,0,10.60142,-55.469036,48.43294,-10.67857,23.947563,6.671266,13.755107
73,113,408.5812,-0.208107,0.034405,0.242512,11.842,7.121,8.202,12.432,13.926,0.402951389,0.977812105,1.427839,5.860757,1.523086,7.395535,51.3199,31.56,31.36,5.32,2.44,17.67,13.82772216,420.38575,0.5187,302.78124,2.2408,0,0,73,-55.44198,64.24014,21.22038,416.95321,0.2152638,89.75493,10.97075,23.14923,360.18,85.73,6.59655,15.66487,11.94228,1.55485,0,0,8.20073,-54.704669,52.46762,-9.30789,27.531736,6.657703,13.656057
24,57,220.63494,-0.244848,-0.066925,0.177923,9.564,5.982,7.035,8.857,11.736,0.424786449,0.980942828,0.972938,4.018473,1.990117,17.978778,129.8296,8.68,16.82,16.67,7.8,12.4925,4.264196143,187.27345,0.6681,131.60919,2.7838,-2.34547,-5e-05,24,-27.2012,88.68286,21.44235,388.15148,0.15194679,58.97837,18.32784,25.22409,142.56,76.15,8.09996,15.47537,11.93545,1.55415,-2.345466,-0.48444,12.12401,-20.106809,88.682861,23.92168,21.965834,8.099961,14.649217
52,108,412.46259,-0.213231,-0.054677,0.158554,11.833,7.117,7.504,13.378,14.036,0.40197033,0.986089645,1.459336,5.104414,0.822859,12.826721,316.4547,5.17,9.03,4.68,4.68,5.89,1.82388322,349.21282,0.5717,265.25507,2.5821,-0.57323,-1e-05,52,-38.91622,63.40321,15.35953,291.94226,0.09342413,27.27445,16.0859,18.70382,203.5,58.3,7.26538,15.47173,11.94347,1.51638,-0.304969,-0.09412,5.77693,-38.91622,48.256398,-10.4146,17.167655,7.265375,14.170036
40,72,268.33376,-0.215694,-0.025737,0.189957,10.018,6.209,7.091,10.195,12.362,0.416958985,0.995490417,1.194976,4.709065,0.916768,12.172271,140.5635,8.98,20.62,8.31,7.16,11.2675,5.438756177,256.87948,0.6093,184.12828,2.4199,-0.46724,0,40,-45.3061,64.47476,19.34827,266.25148,0.20425821,54.38405,13.97512,21.85529,194.59,75.8,7.03398,15.67941,11.93024,1.57311,-0.366222,-0.08441,10.21454,-45.306103,56.439981,-2.9704,22.858697,7.033979,13.245799
83,131,476.71714,-0.209736,-0.025465,0.18427,11.63,7.015,10.75,11.935,13.669,0.375997139,0.974269423,2.182717,9.198494,0.805936,8.811995,139.8622,11.88,26.54,10.27,8.27,14.24,7.215632335,490.86193,0.4907,351.48732,2.2522,-0.43099,0,83,-55.80445,64.38359,17.09645,270.97929,0.25,67.74482,11.24921,19.30783,370.68,75.55,6.77064,15.71405,11.979,1.21511,-0.367316,-0.04627,9.34114,-55.804454,51.350402,-10.15496,25.938113,6.770639,13.797111
66,112,486.45353,-0.205531,-0.00874,0.196791,10.815,6.608,9.884,11.778,13.189,0.378439643,0.997957022,1.381329,6.319134,0.541142,7.417441,84.9729,5.38,37.31,41.23,2.28,21.55,17.80787607,395.9069,0.5301,285.87053,2.8257,-0.72493,0,66,-52.92395,96.99836,22.91768,415.39963,0.22479545,93.37994,9.43657,23.86893,366.36,92.59,6.4634,15.59721,11.73896,1.83332,-0.001154,-0.00016,8.61648,-52.92395,51.630008,-8.54476,27.048354,6.463401,13.503006
32,61,229.25782,-0.223253,-0.026225,0.197028,9.677,6.038,7.16,9.785,11.313,0.400346804,0.936816827,1.010857,4.810976,1.415733,12.461538,104.9178,38.42,21.57,10.98,8.67,19.91,11.74157357,218.27537,0.6311,152.03177,2.504,-0.45873,-2e-05,32,-75.4027,84.15298,19.20071,558.97867,0.24996807,139.72682,18.2144,24.62635,161.33,73.94,7.18201,15.47055,11.93207,1.97646,-0.386899,-0.09665,11.01435,-42.693783,57.837236,0.23027,22.414892,7.182008,14.30991
43,81,304.36597,-0.216501,-0.025139,0.191362,11.576,6.988,6.675,13.147,13.445,0.404154267,0.962006297,1.216615,4.284815,1.22056,12.632477,259.1052,6.27,13.92,6.43,6.58,8.3,3.246559718,287.82513,0.5832,204.4875,2.4716,-0.39539,0,43,-45.76704,57.81116,16.78439,251.63582,0.1764352,44.39741,15.36867,20.67519,203.62,70.77,7.22089,15.25923,11.93273,1.47498,-0.371982,-0.1198,11.16358,-45.767036,44.363173,-4.38508,20.851897,7.220886,13.84619
36,57,206.24546,-0.22306,0.03189,0.25495,10.025,6.212,7.483,7.888,11.329,0.424307116,0.911864134,1.422297,5.082685,1.344438,10.298866,81.981,22.53,22.08,9.65,7.41,15.4175,6.934707546,231.79304,0.593,151.54878,2.2599,0,0,36,-50.92079,57.92617,24.8064,355.687,0.23585803,83.89163,12.17215,27.65851,220.5,95.17,6.83291,13.98808,11.87028,1.86583,0,0,11.2176,-50.920794,52.861461,-5.99581,22.891019,6.83302,13.746734
84,129,465.67569,-0.208797,0.032988,0.241785,14.693,8.546,8.416,10.993,16.858,0.464830286,0.986309385,1.387581,6.00134,1.826087,10.642576,162.2217,34.35,35.75,3.64,2.02,18.94,16.12777573,484.36392,0.4916,345.54792,2.2378,0,0,84,-71.86173,69.45568,21.99421,480.89998,0.19347682,93.043,11.02464,24.4299,432.34,89.29,6.61644,15.69079,11.97162,1.60434,0,0,7.7797,-46.406468,58.090905,-2.16764,27.585971,6.616444,13.615215
36,55,198.28523,-0.225947,0.031018,0.256966,9.545,5.972,6.389,6.576,11.673,0.473780339,0.977310784,1.155264,4.48233,0.905597,4.929906,13.837,8.67,40.82,9.95,13.6,18.26,13.15003232,210.57782,0.6407,147.36863,2.2343,0,0,36,-48.0344,54.77287,22.72254,292.36269,0.2191312,64.06578,9.25309,24.19223,198.09,94.11,6.96927,15.70041,11.91931,1.59451,0,0,9.42076,-48.0344,54.772873,-8.33146,22.145115,6.969268,13.559924
90,139,507.65434,-0.182861,0.036431,0.219292,25.598,13.999,11.323,12.277,28.022,0.542830576,1.000857204,1.752374,9.245893,9.685669,222.356311,4064.1221,94.67,88.76,3.13,3.26,47.455,44.30931872,550.07552,0.4421,356.56951,2.3641,0,0,90,-109.09211,141.90409,33.51144,2133.62771,0.20088412,428.61192,27.43206,46.33066,529.44,96.3,6.32228,14.87822,11.92575,3.0489,0,0,1.80311,88.418325,141.904094,122.79922,8.058575,14.12275,14.816361
22,33,118.15729,-0.232825,0.030813,0.263638,7.278,4.839,5.881,6.112,9.569,0.443790001,0.988737342,0.950541,3.566041,0.906618,4.697401,16.0987,12.64,46.18,15.08,16.39,22.5725,13.69607129,140.64035,0.6897,89.82328,2.1843,0,0,22,-46.86908,55.32657,24.27083,297.55877,0.23406719,69.64874,10.42054,26.36704,134.12,95.41,7.06782,14.58259,11.85817,1.66089,0,0,10.38858,-46.869078,55.326569,-6.04875,21.446129,7.067819,13.608237
60,108,404.39558,-0.308263,0.030443,0.338706,12.221,7.445,9.791,11.905,14.674,0.403464394,0.98549362,1.729471,7.488102,9.191818,35.681879,331.8159,5.23,5.51,3.91,3.94,4.6475,0.729327601,391.45843,0.493,252.06864,2.664,0,0,59,-82.03795,139.74531,29.26615,1268.52303,0.24956639,316.58071,39.2189,51.52645,368.15,94.09,10.91904,16.57501,12.91274,1.45922,0,0,2.02372,81.941749,139.745308,118.22801,11.867696,13.870026,14.827077
35,77,294.35091,-0.22934,-0.039627,0.189713,9.69,6.045,8.424,10.989,11.851,0.37906218,0.980231596,1.262191,5.443928,3.45031,23.875952,247.9162,58.07,56.64,6.15,7.03,31.9725,25.38944109,255.66268,0.6114,183.75126,2.66,-0.7239,-3e-05,35,-56.8118,87.11546,20.45215,727.21599,0.24352697,177.09671,20.59632,28.80656,206.68,80.89,7.82078,15.51662,11.88769,2.31326,-0.657313,-0.37264,3.74358,-3.635105,87.115459,42.83905,19.380664,10.250323,14.797941
37,73,276.31274,-0.223406,-0.027033,0.196373,11.771,7.086,6.6,9.95,14.15,0.460912052,0.998447643,1.05092,4.161387,0.893641,13.18793,160.6209,12.59,18.82,9.33,8.1,12.21,4.154004092,254.89737,0.6088,181.76641,2.5243,-0.50331,-2e-05,37,-42.11376,66.35149,17.78773,302.91112,0.13568092,41.09926,17.2742,21.82964,175.04,68.7,7.24371,15.39798,11.90525,1.68696,-0.436328,-0.11635,11.13735,-42.113757,61.479635,0.48325,21.78083,7.243714,14.266518
25,72,280.36842,-0.223083,-0.040021,0.183062,8.824,5.612,6.225,10.695,11.2,0.39829303,0.997861725,0.965715,3.225251,1.876525,8.120875,265.2002,8.61,9.29,8.15,8.15,8.55,0.466690476,215.75859,0.6489,155.77295,2.9887,-0.57424,0,25,-34.91513,78.12689,20.59638,382.8456,0.10408754,39.84946,16.92778,22.47412,141.06,65.4,7.73333,15.31069,11.72909,1.88994,-0.558645,-0.18316,12.28646,-34.915125,55.77787,10.25267,21.812816,7.733329,14.029982
37,61,222.26197,-0.29068,0.028314,0.318994,15.936,9.168,5.235,6.031,18.318,0.619186047,0.999018325,0.786714,3.379708,2.575526,40.415079,583.4287,33.48,7.46,10.84,3.37,13.7875,11.67308737,233.45931,0.5859,150.43394,2.4534,0,0,37,-90.73206,168.08118,22.80266,1382.37284,0.24104734,333.2173,21.34463,34.14798,218.92,93.82,10.6671,17.37011,12.50088,1.7883,0,0,1.7081,9.635307,116.001622,54.7807,14.235618,12.593913,15.546685
36,104,422.09318,-0.184546,-0.094374,0.090172,10.168,6.609,8.741,12.085,13.188,0.387722702,0.997730368,1.17212,4.968163,8.966784,45.62921,674.4019,94.91,93.37,16,7.29,52.8925,41.36587626,290.50412,0.5741,202.5232,3.4608,-2.2796,-0.00014,36,-107.86931,129.6271,25.40092,2304.95303,0.17819366,410.72801,37.30747,49.46693,263.61,90.78,6.34825,16.17703,11.71101,5.00152,-2.279605,-0.98197,4.04537,31.332342,129.627102,93.50299,17.646132,12.613416,15.795021
48,103,394.38547,-0.233677,-0.038553,0.195124,13.377,7.888,9.709,10.422,15.289,0.431648786,0.969130325,1.832199,7.014549,1.621698,21.478182,363.5973,15.64,14.81,5.64,5.04,10.2825,4.955746034,347.99285,0.553,251.05577,2.6086,-0.63198,-9e-05,48,-34.0337,68.28529,17.66426,315.95587,0.13657626,43.15207,16.72566,21.31189,232.31,66.78,7.73783,15.39631,11.85548,1.66691,-0.63198,-0.22412,11.25638,-30.628775,63.159795,8.39451,19.380597,7.757334,14.354003
106,201,754.87339,-0.205497,-0.033503,0.171995,16.506,9.453,13.398,13.515,18.88,0.412290088,0.998624775,2.317955,11.0365,1.207964,21.182622,581.0054,5.32,4.58,3.82,2.79,4.1275,0.936786395,693.44298,0.4379,497.63385,2.5189,-0.45917,0,106,-67.22972,76.2463,9.18038,388.20857,0.24874402,96.56456,20.40304,22.28402,540.11,77.93,7.20632,15.91214,12.09437,1.5797,-0.401102,-0.12559,10.89951,-56.777053,41.239116,-17.48566,20.303399,7.213149,14.093829
40,57,202.31699,-0.207632,0.04521,0.252841,7.387,4.894,6.485,9.404,9.601,0.376657513,0.980894973,1.220726,4.085048,0.939444,5.489681,18.8236,10.44,41.35,2.84,13.34,16.9925,14.57615411,239.56211,0.5973,160.93549,2.0875,0,0,40,-58.7797,53.53541,23.34788,478.39687,0.19382062,92.72318,10.7019,25.1254,216.44,90.4,6.42129,14.80511,12.00433,1.23616,0,0,9.38976,-58.7797,44.188271,-11.6399,27.852981,6.421289,13.533356
83,165,624.67115,-0.208786,-0.030043,0.178744,13.904,8.152,13.168,14.462,15.992,0.366604007,0.980863592,2.479429,10.953681,1.791626,32.30886,430.8163,14.47,14.46,4.91,4.91,9.6875,4.777501308,566.57993,0.4724,411.7883,2.519,-0.48949,-2e-05,83,-50.48434,68.79209,17.67485,330.89516,0.17575264,58.1557,17.15747,21.8216,386.79,68.3,7.12361,15.28253,11.8615,1.75574,-0.4284,-0.1013,10.50341,-47.54657,54.912641,-7.94576,20.725172,7.195095,14.282277
41,73,271.33767,-0.220988,-0.025819,0.195169,10.903,6.651,7.103,10.669,13.166,0.425560799,0.989775974,1.160298,4.707808,1.486372,11.141888,130.2245,36.46,21.1,10.43,8.6,19.1475,11.07677159,267.76028,0.5898,186.63715,2.4141,-0.46621,-1e-05,41,-73.8859,85.44186,19.14165,516.09201,0.24999816,129.02205,16.67807,23.46228,197.45,73.79,7.15653,15.29116,11.95347,1.72366,-0.38743,-0.08197,9.76765,-42.306574,59.380141,-1.72349,22.171575,7.15653,14.392622
52,101,381.45018,-0.229393,-0.034772,0.194621,11.718,7.059,8.319,12.529,12.775,0.37994825,0.904873212,1.525672,6.161664,0.472149,12.2151,233.0685,14.63,19.62,6.09,5.14,11.37,6.028710476,349.81879,0.5518,252.15613,2.512,-0.51707,-2e-05,52,-69.48262,81.47974,16.69415,399.57393,0.21937914,87.65818,18.23425,22.29857,244.71,69.98,7.20656,15.6734,11.95191,1.7532,-0.509974,-0.12813,9.83784,-44.026732,55.837606,-1.62972,22.910089,7.206563,13.739198
45,85,319.38062,-0.218588,-0.030957,0.187631,11.769,7.084,8.186,10.73,14.133,0.42763775,0.997529644,1.397498,5.697328,1.425967,17.057054,149.174,33.52,20.89,8.05,8.24,17.675,10.52449643,300.60339,0.5757,214.07415,2.4774,-0.54764,-2e-05,45,-73.82994,85.9839,18.56153,491.08122,0.24686271,121.22964,17.94499,23.76526,220.08,73.24,7.0982,15.55549,11.96131,1.75583,-0.506569,-0.11997,10.38063,-48.265579,60.877344,-5.01009,23.148621,7.098199,13.772899
77,109,386.63581,-0.26325,0.032468,0.295718,18.287,10.344,7.262,11.814,20.463,0.517539644,0.98912413,1.133854,4.827748,2.65002,17.463865,181.2341,27.95,25.3,4.95,4.24,15.61,11.05762407,455.13392,0.4744,298.33833,2.152,0,0,77,-98.80553,100.87361,19.72344,1595.28556,0.10413774,166.12944,13.76989,25.16978,397.34,87.35,9.95147,14.88563,12.156,0.97722,0,0,2.29893,1.386337,100.873606,51.30997,15.342485,12.077074,14.885631
68,101,361.52628,-0.212654,0.036523,0.249177,13.827,8.113,8.991,9.56,15.92,0.461837487,0.981141378,1.548681,6.620741,0.838744,19.620835,172.2482,24.82,25.15,4.71,7.09,15.4425,9.58023845,409.48319,0.5021,277.17543,2.1659,0,0,68,-72.22489,65.41597,23.10818,495.72704,0.19299743,95.67404,11.92116,26.23686,377.57,92.27,6.58636,15.16772,11.98429,1.50703,0,0,9.58,-55.456174,49.560787,-11.9638,24.474536,6.601288,13.617576
43,66,238.3492,-0.217372,0.033443,0.250815,9.604,6.002,6.327,10.854,10.943,0.389098279,0.911612796,0.954921,3.932525,0.996774,4.504136,40.0513,9.58,40.5,7.31,3.25,15.16,14.80475093,250.11946,0.6058,175.3636,2.257,0,0,43,-55.89441,50.46573,22.15049,378.87892,0.19481572,73.81157,9.52611,23.75884,233.47,93.39,6.68556,15.55903,11.99718,1.39594,0,0,9.96652,-55.894411,44.950382,-14.7976,21.732997,6.685555,13.32871
74,169,651.4984,-0.219926,-0.046902,0.173024,14.78,8.59,11.386,13.294,16.955,0.407229494,0.986903376,1.823637,8.501623,2.029941,27.015972,467.1794,8.46,8.92,4.43,4.39,6.55,2.146217603,538.81075,0.4825,394.10467,2.7451,-0.69524,-0.0001,74,-60.22773,67.55235,15.45865,381.50921,0.23989688,91.52287,16.27365,20.59655,366.44,68.05,7.33923,16.22331,12.05692,1.62437,-0.594416,-0.17393,10.8457,-50.390204,49.772738,-6.86555,22.779515,7.339225,14.185082
102,195,734.88695,-0.212431,-0.057572,0.154859,15.733,9.067,11.981,15.298,18.06,0.398332561,0.995919268,2.17727,9.611596,1.893219,27.279227,629.6775,12.25,6.82,7.61,7.37,8.5125,2.17676796,671.35117,0.4483,491.0194,2.4853,-0.6799,-2e-05,102,-58.86487,65.99017,13.59732,291.35104,0.21498357,62.63569,16.45097,20.13316,489.17,72.9,6.94508,15.56881,11.91392,1.41968,-0.483518,-0.16087,10.54792,-58.864872,40.966415,-14.9686,23.723087,7.155953,13.943511
61,105,388.52568,-0.195502,-0.025574,0.169928,12.124,7.262,7.719,13.724,14.352,0.400949853,0.988157532,1.497101,5.318667,0.649422,9.537398,183.1353,5.06,16.68,5.51,5.51,8.19,4.905145258,383.44492,0.5336,275.21752,2.3442,-0.28646,-1e-05,61,-42.10323,54.25187,16.28793,205.62007,0.17581215,36.15051,13.02113,19.2496,280.67,73.24,6.74328,15.09083,11.94814,1.14987,-0.256532,-0.07994,3.84803,-42.103234,45.427499,-4.21725,22.081241,6.74328,13.950195
102,208,790.8674,-0.21808,-0.061179,0.156901,17.663,10.031,13.147,13.607,19.827,0.42564565,0.988286312,2.401504,10.771686,3.561967,50.128723,724.819,5.68,4.75,6.93,7.41,6.1925,1.04518838,679.24317,0.4523,506.42871,2.5932,-0.70065,-2e-05,102,-92.92018,125.75688,14.96251,792.76632,0.23611025,187.18025,20.47855,24.52679,493.93,72.76,7.26925,16.68378,12.08423,1.66768,-0.547368,-0.16767,9.86728,-53.398078,51.215284,-12.16383,24.497897,7.26925,14.217008
72,147,559.64006,-0.213339,-0.056794,0.156546,17.029,9.715,11.491,13.282,18.912,0.432917477,0.973340196,2.030902,9.132368,3.38974,34.527918,463.9622,4.9,7.13,6.17,6.18,6.095,0.792480284,484.44974,0.504,358.76738,2.5903,-0.753,-1e-05,72,-99.7409,124.02216,15.2644,868.65253,0.24204493,210.25294,20.01185,23.89164,333.9,68.96,7.28103,16.92881,12.02944,1.6886,-0.58869,-0.16812,10.82616,-58.702972,44.393278,-12.78705,24.605978,7.281035,14.262765
74,153,582.6084,-0.217689,-0.037175,0.180514,13.027,7.714,11.244,11.605,14.767,0.39257231,0.957155821,2.290215,8.884407,1.858394,9.804817,560.8769,6.51,8.12,3.53,2.77,5.2325,2.175550218,507.40941,0.4934,372.49752,2.5972,-0.51486,-4e-05,74,-64.87933,64.96341,9.14605,421.40402,0.24638229,103.82649,19.47058,20.62605,350.95,69.19,7.25242,15.91443,11.99239,1.72236,-0.505748,-0.14499,10.78896,-54.973318,36.227354,-16.46565,20.76095,7.253412,14.0865
72,147,559.64006,-0.214761,-0.057065,0.157695,17.131,9.766,11.426,13.041,19.096,0.438353649,0.977677657,1.896162,8.844123,2.048036,31.322006,407.1648,5.87,5.9,6.86,6.1,6.1825,0.401022132,484.34315,0.504,358.58557,2.5916,-0.64806,-1e-05,72,-99.67409,122.0472,13.40858,779.30416,0.24676631,192.30601,20.06902,23.01892,330.41,68.25,7.28993,16.82088,12.03047,1.67536,-0.496401,-0.17757,10.75688,-43.8773,53.363159,-3.9507,20.116202,7.289926,14.028301
66,137,522.55636,-0.219242,-0.036854,0.182388,13.42,7.91,10.106,11.461,15.466,0.417627521,0.977623262,2.19425,7.706412,1.039426,9.263038,461.8695,11.5,8.09,3.57,2.89,6.5125,3.505156024,457.55777,0.512,337.20706,2.5733,-0.50693,-8e-05,66,-51.36554,61.8804,12.78257,304.65244,0.19696343,60.00539,16.26648,18.60649,289.65,63.33,7.26331,15.32668,11.8733,1.62749,-0.500747,-0.15275,10.9271,-51.288921,42.001151,-11.12641,21.279297,7.263309,13.94149
42,81,305.354,-0.219297,-0.030831,0.188466,10.491,6.445,7.805,11.247,12.715,0.40025813,0.986423584,1.370067,5.128881,1.418803,9.045784,308.4024,16.93,14.94,6.88,5.62,11.0925,4.913580034,281.56681,0.5924,202.56337,2.5032,-0.50096,-4e-05,42,-80.03302,82.6333,18.32238,569.2071,0.24843294,141.40979,16.69502,22.7128,196.46,69.81,7.25956,15.79166,11.96136,1.73875,-0.467546,-0.12781,8.97859,-39.466109,53.214065,-0.55535,21.248166,7.259564,13.855773
66,97,346.51164,-0.21161,0.033271,0.244882,12.961,7.68,7.426,9.901,14.666,0.458412778,0.954817708,1.327332,5.002061,1.670764,11.498694,245.2884,20.64,21.02,3.57,3.11,12.085,8.747543941,396.67947,0.5074,268.50304,2.143,0,0,66,-56.8575,60.28264,25.05487,436.97166,0.21600445,94.38782,11.33772,27.04541,368.32,92.91,6.55122,14.73064,11.96475,1.39756,0,0,9.71844,-56.040184,49.427838,-11.18845,25.302474,6.551224,13.660477
68,119,440.55565,-0.204112,-0.022636,0.181476,11.42,6.91,11.27,11.687,12.698,0.356135184,0.918813314,2.030883,9.323155,0.833237,20.741905,290.4704,10.49,14.21,11.29,10.81,11.7,1.476854766,417.44625,0.5194,300.19951,2.4369,-0.40609,0,68,-62.17832,74.9509,12.64008,427.59738,0.24999085,106.89543,18.02654,21.78139,312.08,74.8,6.74965,15.80855,12.15867,1.59662,-0.310477,-0.04595,8.50756,-62.178316,47.502813,-19.22228,25.566065,6.749646,13.746889
170,281,1031.46016,-0.149177,-0.121675,0.027502,17.372,9.886,13.635,16.651,19.674,0.393795036,0.995043496,2.668148,11.34689,4.533802,67.781796,734.9632,6.55,7.05,5.8,8.54,6.985,1.001960578,1005.91035,0.4046,772.1991,2.2181,-2.17713,-1e-05,170,-153.81378,87.85357,10.35127,1002.94409,0.16618265,166.67191,25.82778,29.59928,872.97,86.84,5.75256,16.11289,11.87771,1.71916,-2.084831,-0.84085,6.59736,-60.300847,25.117004,-6.92852,25.174932,6.68033,12.507658
170,281,1031.46016,-0.212808,-0.036112,0.176696,18.177,10.289,13.921,14.549,20.197,0.415004007,0.981485081,2.546062,11.533095,1.461693,19.566176,314.0024,11.45,8.58,3.28,3.76,6.7675,3.4065626,1028.51518,0.385,741.01539,2.3114,-0.46749,0,170,-67.03427,64.30601,13.48172,341.60174,0.24554822,83.8797,15.44561,20.71597,802.19,78.05,7.14692,15.90239,12.01093,1.195,-0.41303,-0.12302,10.53012,-61.305979,31.470637,-21.81088,21.228915,7.146923,13.413623
72,119,436.61334,-0.193,-0.025557,0.167443,11.463,6.932,10.251,11.333,13.823,0.390403028,0.997042701,1.757933,7.964832,0.825866,5.738054,171.7173,11.5,12.23,8.23,7.88,9.96,1.92638262,428.74947,0.5195,312.5614,2.3196,-0.4306,0,72,-61.21977,63.31,15.68473,319.34361,0.24560453,78.43224,13.51641,20.62265,336.31,78.5,6.64966,15.64721,11.94476,1.42604,-0.368913,-0.05239,10.0575,-61.219771,40.390952,-16.83352,25.608031,6.64966,13.041239
74,152,578.61973,-0.213112,-0.036581,0.176531,13.326,7.863,12.147,12.356,15.219,0.383137808,0.967760397,2.253273,9.088153,2.221716,29.609692,408.8508,7.28,9.46,4.73,4.08,6.3875,2.139431876,501.93206,0.4986,372.24952,2.5811,-0.53136,-5e-05,74,-63.39576,74.06888,13.01849,393.12079,0.23324311,91.69272,18.84807,21.59731,358.88,71.55,7.20214,16.52655,11.95158,1.67157,-0.476518,-0.13981,10.8939,-63.395762,44.513991,-18.45855,24.247181,7.460663,14.081995
72,115,418.57605,-0.196679,-0.026901,0.169778,11.465,6.933,10.153,11.015,12.849,0.377722903,0.926655128,1.63307,7.762077,1.416124,13.460736,98.0657,15.22,20.65,11.26,10.13,14.315,4.116992227,432.38528,0.5093,307.2469,2.2622,-0.51044,0,72,-65.10693,66.6322,18.82226,517.0764,0.20959474,108.37649,11.9887,21.31924,337.08,78,6.82671,15.26802,11.92631,1.42728,-0.364038,-0.05109,9.33456,-64.908365,48.302104,-18.07198,25.959445,6.880954,14.206076
43,69,250.31521,-0.292169,0.038149,0.330318,14.094,8.247,6.565,10.351,16.223,0.489544042,0.983569783,0.852012,3.744758,1.469471,18.680269,228.4487,21.65,9.52,4.38,5.1,10.1625,6.918122487,268.61389,0.5595,173.25773,2.3991,0,0,43,-85.77701,81.91915,20.12013,868.16451,0.13430727,116.60081,16.51299,29.3421,250.77,93.4,10.57987,15.67982,12.43646,1.11067,0,0,1.91091,6.537859,81.919149,53.49387,12.643396,12.53084,15.656756
100,207,788.85152,-0.219564,-0.050044,0.16952,18.008,10.204,11.619,12.827,19.233,0.440326015,0.942424539,2.106005,9.010222,3.57626,56.353544,272.4251,18.79,15.36,8.17,7.54,12.465,4.772035729,681.73095,0.449,503.62948,2.601,-0.78148,-3e-05,100,-89.73913,103.19391,15.49055,869.54024,0.21840153,189.90892,19.1546,23.8387,485.8,71.29,7.3495,17.52796,12.07685,1.64451,-0.556077,-0.17006,8.98279,-28.53341,59.552715,8.36113,19.984121,7.349505,14.806485
162,279,1031.37397,-0.231334,-0.079452,0.151882,18.213,10.307,12.661,15.767,19.127,0.40220797,0.927864558,2.322052,10.293116,1.615956,110.902179,969.3666,4.38,5.98,11.48,22.84,11.17,7.2340376,990.17823,0.3928,721.22153,2.3746,-4.78838,0,162,-72.38199,142.00018,23.94966,805.05905,0.22276125,179.33596,16.72143,29.35402,872.7,88.19,9.61181,16.13473,12.20397,0.90883,-3.922424,-1.63329,5.64954,-3.893353,104.767243,60.8981,19.74282,11.503325,14.82853
100,184,688.85988,-0.211109,-0.042279,0.168829,18.496,10.448,11.254,14.931,20.585,0.440132564,0.985116769,1.888835,8.94171,1.975023,26.546021,458.9217,13.18,8.55,4.25,3.63,7.4025,3.836218027,643.13316,0.4544,469.74383,2.4351,-0.54424,-2e-05,100,-49.35588,61.14286,16.09266,230.5766,0.19236514,44.3549,14.61334,20.36104,483.02,75.14,7.12402,15.39851,11.97063,1.42632,-0.472628,-0.159,9.83786,-49.355884,44.567798,-9.20762,21.923283,7.124016,14.108491
71,140,529.59203,-0.214244,-0.032538,0.181705,14.288,8.344,12.147,12.419,14.593,0.37266018,0.87446069,2.165591,10.133058,1.278621,17.579906,401.8232,12.97,17.45,6.24,8.86,11.38,4.246851775,476.51845,0.5011,346.97219,2.5345,-0.50821,0,71,-74.79238,64.55424,18.02486,379.97141,0.2379872,90.42833,16.85084,22.56699,345.7,72.58,7.16539,15.71898,11.92763,1.78168,-0.45916,-0.09516,10.06292,-52.091004,45.618479,-11.32983,21.603337,7.16539,13.237429
76,152,576.64695,-0.213512,-0.041103,0.172409,16.832,9.616,8.793,12.905,17.9,0.452043032,0.930740433,1.48013,6.350902,0.000162,19.098081,0.3229,7.57,5.66,4.36,2.4,4.9975,1.884812656,505.84117,0.501,379.35462,2.5241,-0.50542,-4e-05,76,-34.12854,62.93872,16.57419,248.15995,0.11656562,28.92692,15.08841,19.79062,336.72,66.6,7.19765,15.31253,11.86525,1.59787,-0.441488,-0.138,9.95647,-34.128536,55.067066,4.05881,19.844789,7.197647,13.915792
65,141,538.4663,-0.250991,-0.027682,0.223309,11.389,6.895,10.017,11.493,13.581,0.387022313,0.98484409,1.956806,7.199039,5.680029,47.985858,510.58,11.53,6.22,7.18,8.32,8.3125,2.00084201,455.9398,0.4962,319.9738,2.7944,-0.51439,-1e-05,65,-95.95651,102.76137,22.10542,1270.56034,0.21365926,271.46699,25.11969,33.7926,379.76,83.33,10.0225,17.09655,12.50251,1.7591,-0.091286,-0.02808,2.15542,2.172561,102.761367,62.748,15.781414,13.040083,17.096548
90,159,589.749,-0.215844,-0.024081,0.191764,17.041,9.721,10.74,15.091,19.034,0.424250529,0.979014505,1.830376,8.25666,2.37607,49.79184,886.6952,17.83,11.5,7.06,6.15,10.635,4.620933347,571.2751,0.4599,400.44049,2.4456,-0.29755,0,90,-66.494,89.00009,20.61399,514.70148,0.24680874,127.03282,19.34911,27.0376,459.76,80.53,7.75586,16.0221,12.18355,1.47636,-2.9e-05,-1e-05,8.23267,-15.673579,72.37759,21.58416,19.634668,7.755861,15.595691
72,159,610.57545,-0.212821,-0.037602,0.17522,15.738,9.069,10.74,12.345,18.137,0.439983504,0.999944867,1.875842,8.314333,0.197567,18.2327,406.2413,7.73,4.2,3.99,3.31,4.8075,1.719074969,503.728,0.4968,372.21895,2.7239,-0.45019,-0.0001,72,-44.04826,73.25362,12.78036,376.55853,0.19068619,71.80451,18.55758,20.47106,333.09,66.16,7.27957,17.3771,12.17444,2.19095,-0.421867,-0.14767,11.00844,-40.386237,53.527153,-1.34266,20.060318,7.281601,14.155633
127,235,876.99172,-0.214009,-0.033918,0.180092,16.698,9.549,13.139,14.631,15.417,0.356982425,0.807257304,2.309279,10.71404,1.944082,65.298723,750.4035,7.06,8.84,6.93,7.23,7.515,0.772350309,785.32271,0.4255,574.40546,2.5353,-0.38085,0,127,-77.16827,82.80551,12.62774,486.08123,0.24963197,121.34141,20.28634,23.54719,600.57,76.52,8.40969,15.98301,12.29281,1.28708,-0.187837,-0.05223,9.21543,-18.788548,82.805508,20.24538,21.113378,8.409692,15.186528
92,176,662.7827,-0.20354,-0.031201,0.172339,17.673,10.036,11.259,14.476,19.871,0.435710214,0.98998605,1.829179,8.780724,1.092453,22.066332,234.8157,10.62,15.46,5.72,4.89,9.1725,4.239324091,596.90202,0.4695,441.1443,2.4948,-0.45649,-2e-05,92,-87.41806,77.0449,15.95246,400.5527,0.24948253,99.9309,15.23265,20.26872,410.67,68.85,7.23969,15.85108,11.92145,1.61241,-0.425713,-0.13734,8.55308,-35.194552,54.465512,3.89061,20.890199,7.29902,14.028925
28,49,180.65552,-0.236025,-0.030084,0.205941,7.37,4.885,6.432,7.733,9.749,0.407669148,0.997850563,1.166071,3.942695,1.841238,7.438616,12.3142,10.92,34.04,33.1,6.72,21.195,12.46820256,187.72777,0.6421,124.43738,2.4107,-1.48109,0,28,-32.11036,94.31359,25.64173,251.67441,0.17992212,45.28179,15.12689,29.07136,172.39,91.92,7.50652,14.94879,12.0094,1.26455,-1.481092,-0.29224,10.41402,-32.110356,94.313586,13.6985,25.155623,7.506519,14.277231
40,73,267.34544,-0.213883,0.040323,0.254206,10.165,6.442,6.482,9.38,12.795,0.446487769,0.993092207,1.094563,4.046994,9.745002,78.688284,648.4299,28.98,41.57,9.31,4.48,21.085,14.96949314,267.18224,0.5746,178.88921,2.4816,0,0,40,-177.02023,20.2657,-47.72505,3043.31496,0.00761633,23.17888,43.54839,48.9419,213.6,79.99,6.57911,15.00842,11.93043,1.41318,0,0,9.74763,-102.485098,9.022143,-58.27582,24.989331,6.579115,13.573556
20,48,185.0314,-0.264153,-0.05415,0.210003,6.254,4.602,5.467,6.776,8.829,0.418992027,0.959256845,0.903641,3.024245,1.926843,4.444947,23.0082,9.16,24.21,30.61,33.7,24.42,9.451801416,155.07468,0.6973,105.74018,2.9057,-2.62058,0,20,-13.24474,101.28745,29.81298,301.67963,0.04738717,14.29574,16.55302,31.45474,126.86,81.86,8.78718,16.09423,12.09517,1.23968,-2.620576,-1.01868,12.75619,2.203938,101.287455,46.92887,21.56559,8.787179,14.750247
52,91,336.87964,-0.230603,-0.030048,0.200555,10.8,6.6,7.35,8.748,12.988,0.446537853,0.983939394,1.326469,4.917063,1.998277,12.677449,39.9299,4.74,29.7,32.72,2.15,17.3275,13.95357907,291.16482,0.6196,227.86838,2.4549,-1.51378,0,52,-35.83896,89.0329,24.14751,200.60505,0.23263497,46.66775,11.69696,26.85191,273.85,94.12,7.43644,15.56005,12.00931,1.29914,-1.513777,-0.29886,10.06091,-35.838964,89.0329,8.78681,24.984565,7.436441,14.101078
22,41,152.60229,-0.243311,-0.034714,0.208597,7.126,4.763,5.19,7.69,9.514,0.424845941,0.99874029,0.748797,2.710229,1.825542,6.321178,12.1659,15.33,34.21,33.63,19.87,25.76,8.318900168,155.58704,0.6734,100.8472,2.5127,-1.78011,0,22,-27.53836,99.64456,26.28989,254.55598,0.15747832,40.08705,16.42927,30.21556,142.17,91.45,7.71759,14.82802,11.99102,1.41067,-1.780108,-0.35132,12.03998,-27.174715,99.644565,19.76186,23.985271,7.717587,14.616858
115,177,635.15017,-0.222539,-0.026559,0.19598,31.156,16.778,7.968,31.451,32.984,0.455561234,0.982953868,1.240605,5.239481,1.91534,19.391523,336.0874,27.95,20.87,23.05,22.94,23.7025,2.601512781,708.58714,0.4123,469.52464,2.2463,-1.08422,0,115,-36.44159,62.15538,22.40975,182.24857,0.24886907,45.35603,9.45715,24.02723,655.16,92.51,8.26772,14.86981,11.9823,1.38797,-1.084222,-0.54788,13.26245,-6.454608,62.155384,30.23783,14.626478,8.267725,13.185478
36,86,333.19199,-0.23153,-0.089144,0.142386,10.585,6.768,8.375,11.978,13.455,0.397982726,0.994015957,1.16087,4.989728,10.107692,72.446285,930.8575,96.23,91.35,11.93,6.98,51.6225,42.23905383,284.20718,0.5743,196.06248,2.8219,-2.47477,-1e-05,36,-126.27092,140.4231,28.12199,3235.79638,0.15444725,499.75985,40.15218,54.15273,258.3,90.92,7.86902,16.36287,12.10759,3.30162,-2.474767,-1.10238,3.82386,47.292803,140.423105,106.27614,17.21763,13.566276,16.07191
26,65,250.31952,-0.239311,-0.056872,0.182439,9.524,5.962,7.152,8.378,11.663,0.428897143,0.978111372,1.104367,4.309167,3.569312,20.975209,148.8323,57.57,51.19,11.24,9.89,32.4725,22.02849107,209.24377,0.6459,147.74146,2.8135,-1.21491,-7e-05,26,-50.07476,99.445,24.42953,662.38247,0.23439791,155.26106,22.75377,32.41941,180.81,86.44,8.16034,15.68346,11.80306,2.41523,-1.214907,-0.33625,4.77107,0.108002,99.445003,40.54755,15.820087,10.403002,15.358237
16,69,279.85545,-0.273851,-0.093413,0.180437,6.593,4.772,6.796,8.334,8.711,0.365378969,0.912720034,0.821359,3.295577,3.102548,17.091257,106.169,14.94,15.22,9.65,32.34,18.0375,8.550504006,190.60981,0.6542,130.9356,3.5492,-2.73407,-0.00049,16,-11.5799,103.86035,30.98592,631.00936,0.0141749,8.9445,23.01166,32.20928,134.78,70.74,9.22263,15.9947,12.13832,1.2195,-2.734065,-1.05358,12.51236,19.347835,103.860351,60.95099,18.930326,9.22263,14.740497
39,72,266.3375,-0.229657,-0.080949,0.148709,17.437,10.218,5.737,6.092,20.412,0.633106914,0.998825602,0.797794,3.384052,1.984226,87.348934,1203.046,10.72,68.11,35.07,10.83,31.1825,23.51430987,262.99409,0.5667,171.10307,2.5848,-2.79245,0,39,-89.63232,169.11062,26.61607,1279.11595,0.24053838,307.67648,23.6403,38.1162,243.82,92.75,7.91919,17.36905,12.34321,2.4259,-1.6e-05,0,1.82595,9.574713,118.172553,56.2398,14.636905,12.637045,15.474393
25,56,214.15535,-0.266239,-0.037859,0.22838,8.263,5.492,6.753,8.304,10.612,0.413416962,0.966132556,1.180248,4.732637,1.936586,34.631137,325.4828,16.49,18.16,12.21,15.26,15.53,2.175649328,183.82208,0.6512,123.1436,2.8878,-0.65985,0,25,-83.36097,168.4144,24.51411,1453.84863,0.23498408,341.63128,36.04477,43.87062,165.07,89.85,10.27879,17.82513,12.81845,2.13707,-0.019898,-0.00317,14.76785,-66.248698,33.82503,-37.89705,17.371495,10.810986,14.902795
25,66,256.10429,-0.260664,-0.041323,0.219341,9.773,6.086,6.661,7.653,11.985,0.45572075,0.984636872,0.992101,3.659087,5.128963,27.62034,285.4619,20.15,16.54,15.66,8.7,15.2625,4.145602339,193.32706,0.6307,126.60499,3.359,-0.85421,0,25,-88.71857,201.476,21.70656,2383.18737,0.19425295,462.94118,49.86662,52.34768,173.25,89.66,10.34972,18.59888,13.62497,2.82206,-0.198093,-0.05268,15.34036,-78.540131,9.605876,-55.59028,16.792353,10.939091,15.529142
26,68,263.07976,-0.232007,-0.012278,0.219729,9.97,6.185,7.377,8.369,12.082,0.434167026,0.976717866,1.127267,4.986547,10.360721,41.990989,449.3336,36.59,30.28,27.54,18.6,28.2525,6.467284496,210.78851,0.5974,132.86214,3.288,-0.54174,0,26,-131.54637,204.25868,16.42251,3009.04072,0.23909367,719.4426,68.00632,67.52302,195.18,92.64,7.96972,19.37461,13.27787,3.67795,-0.040874,-0.00508,1.53043,24.113062,124.614937,79.38068,21.533145,13.31299,17.058255
26,70,272.08985,-0.216652,-0.007937,0.208715,8.549,5.474,7.459,8.28,10.811,0.407193974,0.987486299,1.237647,5.127156,2.031423,33.174231,309.8132,20.44,26.8,11.52,13.18,17.985,6.095397854,199.88674,0.6451,137.68306,3.2816,-0.18487,0,26,-96.36791,194.52984,22.02959,2117.21673,0.22217509,470.39282,38.41968,41.90806,165.44,82.81,7.64284,18.5353,13.10114,4.70628,-0.114155,-0.00396,9.40337,-44.622308,46.154563,-20.94906,15.465128,11.56797,16.348434
27,61,232.1088,-0.29381,0.026032,0.319842,10.942,6.831,5.392,6.564,13.623,0.532585324,0.997145367,0.918505,3.650463,2.585646,40.383148,672.4,33.38,15.15,10.38,11.46,17.5925,9.284916195,196.0501,0.6224,126.733,3.0412,0,0,27,-83.57384,163.09116,25.56739,1509.72242,0.23473254,354.38098,41.04311,49.24713,183.21,93.49,10.66679,17.56105,13.06985,2.52116,0,0,0.41553,27.525132,78.222562,58.47088,9.065267,13.519313,14.984293
26,73,285.4899,-0.30162,-0.008282,0.293337,7.989,5.744,7.433,9.179,11.006,0.398508219,0.958043175,1.075352,4.628985,1.328386,20.591169,277.7012,19.36,11.61,7.4,16.28,13.6625,4.548199506,221.61198,0.5984,143.61283,3.301,-0.08342,0,26,-73.9263,125.04051,36.18983,1438.96996,0.24995784,359.68183,30.641,43.73678,181.55,81.97,10.50164,16.63964,12.81343,2.05495,-0.041941,-0.03105,1.96911,21.849524,124.215119,75.18131,16.121086,12.876237,15.984069
27,61,234.18816,-0.250044,-0.023347,0.226697,9.579,5.989,5.243,9.156,11.719,0.448694387,0.978377025,0.725395,2.877206,2.573673,23.723228,146.6553,8.27,8,7.73,7.26,7.815,0.372994638,198.77123,0.6456,136.68538,2.8451,-0.37367,-1e-05,27,-79.44888,101.25526,21.24305,1173.73494,0.23183228,272.10964,23.96964,31.90581,161.51,81.28,10.124,16.13438,12.47617,1.60127,-0.073633,-0.02487,2.01429,14.439995,101.255265,64.13216,13.844116,13.068644,15.745083
90,179,678.78048,-0.210424,-0.053119,0.157305,17.145,9.772,10.787,14.902,19.214,0.42790014,0.983115023,2.092571,8.385677,1.501058,27.54551,451.9951,4.73,6.65,3.79,4.07,4.81,1.11579568,603.49746,0.4676,445.70911,2.5289,-0.51382,-6e-05,90,-55.9342,62.82074,11.97319,289.14907,0.20251545,58.55715,17.15971,19.41845,421.56,69.89,7.17254,15.505,11.88866,1.51025,-0.511572,-0.24374,4.44087,-20.701953,28.599879,1.14065,9.666129,10.35408,15.259207
53,99,371.45532,-0.132443,-0.044533,0.08791,11.133,6.766,11.266,11.785,13.48,0.36900167,0.996157257,2.090137,8.943802,3.592578,20.919068,208.8348,11.12,11.79,6.41,6.8,9.03,2.440440534,337.22287,0.5639,246.59584,2.5013,-0.98531,-2e-05,53,-54.5725,101.58488,19.64216,517.42278,0.24785643,128.24656,20.27454,28.72641,290.75,86.26,7.18911,16.19503,12.00281,1.62957,-0.985315,-0.44092,3.50831,-0.557001,101.58488,56.52312,24.998931,10.300708,15.085346
76,127,466.6361,-0.213065,-0.02881,0.184255,12.105,7.253,10.228,13.329,14.294,0.377638636,0.985385358,1.70109,7.93428,0.946741,13.198143,174.3189,7.5,30.77,7.3,8.68,13.5625,9.948739556,462.4343,0.4974,328.01122,2.3623,-0.39558,0,76,-69.37072,64.86721,16.40235,461.1251,0.21645138,99.81116,14.67095,22.35806,375.62,81.28,6.72448,15.705,12.08993,1.32756,-0.320049,-0.13634,4.12944,-20.385549,20.589024,-0.22751,7.051363,10.575551,15.040058
91,153,562.74634,-0.201886,-0.023517,0.178369,15.801,9.101,10.503,13.489,18.082,0.429766602,0.993407318,1.830785,8.061213,1.195403,17.106023,200.7077,13.89,10.91,6.51,6.77,9.52,3.06804498,544.13214,0.4798,396.60813,2.3561,-0.34565,0,91,-66.6978,64.5975,17.73592,418.57117,0.23172587,96.99377,12.88488,21.26895,426.33,78.39,6.73581,15.78132,12.01498,1.55032,-0.304298,-0.14894,5.85979,-14.641857,39.725968,1.35512,9.15773,9.842292,15.150766
27,77,301.12661,-0.255223,-0.034378,0.220845,9.937,6.168,6.713,9.169,11.584,0.42175781,0.939040208,0.778744,3.624677,1.479052,23.821731,248.0443,13.37,10.27,14.12,11.38,12.285,1.534902277,230.64089,0.6087,156.42133,3.1967,-0.63252,0,27,-46.01554,83.46966,20.50296,436.10555,0.21798722,95.06544,21.06059,28.24523,191.24,82.96,8.67524,16.72207,12.41286,2.30353,-0.094513,-0.01769,3.29032,10.948612,83.469662,51.92242,14.35666,10.556308,16.722068
80,129,470.65076,-0.187516,-0.060874,0.126641,13.407,7.904,9.774,12.286,14.547,0.397383014,0.920230263,1.804536,7.374158,0.402217,14.045327,160.6281,19.24,13.64,14.06,11.24,14.545,2.916346173,476.37825,0.4969,342.42097,2.2824,-1.33342,0,80,-44.28555,63.67829,20.92918,235.88767,0.24999184,58.96999,10.46789,22.47885,411.04,86.33,6.9076,15.74843,11.93627,1.47471,-0.280449,-0.05637,9.27683,-44.285555,58.631859,-3.13202,23.01757,7.040782,13.8084
28,77,299.05013,-0.16574,-0.017577,0.148163,8.76,5.74,6.734,7.824,11.102,0.432657833,0.967073171,1.166778,4.50582,3.593502,34.185452,325.0482,32.17,28.68,16.87,29.98,26.925,5.937720522,225.78966,0.5998,148.19251,3.3509,-0.33227,0,28,-79.6538,176.61697,28.44076,1737.38861,0.178888,310.79797,41.83643,47.07549,195.87,86.78,7.26302,17.92114,13.18155,3.7657,-0.332272,-0.18036,3.88535,-26.786036,52.031343,-7.92736,9.653595,7.263024,14.818395
52,101,381.45018,-0.199535,-0.035419,0.164117,11.245,6.822,9.112,12.05,13.612,0.391441882,0.997654647,1.722047,6.810388,0.227341,10.343981,238.3655,15.29,13.09,4.16,4.3,9.21,5.040620002,345.62659,0.56,253.22216,2.5014,-0.45619,-1e-05,52,-41.12356,59.73291,13.95722,262.1724,0.16926798,44.37739,16.59512,19.76915,239.66,69.38,7.1404,15.27263,11.91088,1.52629,-0.346753,-0.15391,3.41012,-4.969438,31.88348,7.40808,6.293992,10.344494,15.076083
52,105,398.41724,-0.22303,-0.028663,0.194367,14.298,8.349,10.122,10.717,16.264,0.438347303,0.974008863,1.790058,7.422211,1.319066,21.240296,221.6552,15.28,16.54,5.98,5.34,10.785,5.149298496,360.95947,0.5454,259.74177,2.5471,-0.45103,-2e-05,52,-40.94624,63.91028,19.14944,302.69228,0.16059393,48.61054,16.37221,22.2681,250.18,69.34,7.18615,15.2911,11.85578,1.80549,-0.371753,-0.09244,10.97302,-40.564455,56.525033,1.44232,21.381169,7.199773,13.85618
62,100,363.47308,-0.127962,0.011277,0.139239,17.223,9.811,7.206,13.75,19.485,0.481813012,0.993018041,0.966319,4.907187,8.373907,64.734718,434.3205,44.85,31.26,11.24,12.06,24.8525,14.05261786,384.75454,0.5023,252.65132,2.3889,0,0,62,-151.61896,200.58968,23.09032,2502.9586,0.23327649,583.8814,36.3689,44.78963,340.33,88.5,4.38092,18.37405,12.41876,2.68609,0,0,1.75117,44.799967,161.423237,117.44623,27.101688,14.38114,16.243847
61,117,440.49709,-0.222241,-0.027352,0.194889,16.811,9.605,7.731,11.183,18.944,0.500396217,0.986153045,1.276531,5.365628,1.688303,19.340989,449.234,22.27,21.19,7.2,10.64,15.325,6.530622099,412.08247,0.5183,293.48903,2.4923,-0.45605,-2e-05,61,-43.89232,67.19729,19.68675,286.93674,0.17854392,51.23081,15.84209,22.78361,297.37,72.19,7.13944,15.3036,11.90154,1.71777,-0.367468,-0.09097,10.98343,-43.253408,58.497299,-0.50602,22.20671,7.152188,14.176948
87,133,480.74891,-0.197187,-0.023172,0.174016,12.507,7.453,11.443,11.9,14.554,0.384040953,0.976385348,2.092255,9.016626,1.175753,7.686242,154.1711,10.91,30.61,7.55,8.2,14.3175,9.490514673,515.80082,0.4782,364.30419,2.1913,-0.33358,0,87,-63.83452,53.36284,17.00655,300.62346,0.24839453,74.67322,12.01314,19.86278,387.92,75.25,6.44405,15.70652,11.98037,1.04621,-0.023143,-0.00524,0.23422,5.577589,20.636116,13.48034,4.272776,13.089495,14.494499
42,81,305.354,-0.192311,-0.026745,0.165566,11.737,7.069,7.45,11.683,13.817,0.419332322,0.977295233,1.272452,5.060401,2.148684,23.201061,381.6924,16.48,12.14,6.55,5.92,10.2725,4.324981936,282.12108,0.5907,202.27356,2.5068,-0.42334,0,42,-49.21267,71.87206,15.6946,331.3233,0.15954672,52.86154,18.63469,21.65361,194.86,69.11,7.17996,15.78305,11.92885,1.65595,-0.377754,-0.10742,11.08323,-49.21267,43.796503,-8.34986,20.63376,7.17996,13.999926
50,104,396.40135,-0.214549,-0.033341,0.181208,12.134,7.267,8.557,12.022,12.583,0.379440323,0.865763038,1.639645,6.156911,1.63536,11.522501,302.4997,5.91,15.08,3.78,3.75,7.13,4.672734745,353.44143,0.5512,255.7066,2.5742,-0.51195,-0.00012,50,-39.11974,65.25375,19.35097,316.30882,0.1515498,47.93654,16.27714,22.08489,238.51,67.51,7.33396,15.33408,11.8544,1.74077,-0.482844,-0.16923,4.41307,-22.765391,39.659379,3.68689,10.30116,9.651539,13.786901
125,219,815.05708,-0.197709,-0.028547,0.169162,16.912,9.656,13.18,13.967,18.647,0.407193082,0.965565452,2.271288,10.738027,1.094634,26.23718,413.8398,8.31,31.56,6.48,5.22,12.8925,10.83353907,737.71226,0.44,549.92762,2.4611,-0.4498,0,125,-62.90489,68.12615,18.97555,354.64374,0.23616175,83.75329,12.05034,21.82676,610.87,82.84,6.40682,17.62371,12.37958,1.90729,-0.009361,-0.00222,0.26893,13.131254,29.983971,22.03096,3.904677,13.173067,14.624767
64,121,454.52371,-0.221747,-0.02573,0.196017,19.076,10.738,7.728,12.406,21.075,0.511417409,0.981327994,1.040545,5.14949,0.101867,42.199367,65.1657,11.44,11.34,9.55,9.13,10.365,1.036303527,428.97562,0.5104,304.68078,2.4772,-0.45351,-2e-05,64,-43.14639,63.04542,19.51257,272.93709,0.18287399,49.91309,15.21588,22.50233,313.99,73.23,7.1443,15.30033,11.90514,1.70071,-0.373667,-0.09315,11.02269,-43.146392,59.650007,-0.30196,22.279986,7.144297,14.259297
59,117,442.46988,-0.225057,-0.028659,0.196398,16.173,9.286,7.728,11.348,18.312,0.489782818,0.986000431,1.334559,5.32014,1.425955,15.909775,403.0716,21.46,20.93,7.22,11.06,15.1675,6.181348457,404.64078,0.5213,288.04251,2.5508,-0.47317,-1e-05,59,-54.10374,63.22044,19.14186,368.8939,0.23221184,85.66153,16.84617,23.14494,288.53,71.34,7.23487,15.35917,11.9687,1.79536,-0.429469,-0.21913,4.72262,-7.089003,25.767739,3.24879,5.509582,10.14671,15.228938
83,133,484.69448,-0.19255,-0.021853,0.170696,13.035,7.717,10.527,11.982,15.199,0.403070966,0.984773876,1.834065,8.04923,1.396346,22.359878,214.8603,8.7,23.44,10.49,10.08,13.1775,5.962048201,499.93545,0.4846,354.58359,2.2699,-0.31991,0,83,-71.92725,70.72941,14.63926,455.53935,0.24200476,110.24269,14.24036,19.48647,343.11,68.66,6.26001,15.75777,12.08519,1.20601,-0.001289,-0.00062,0.31501,7.824651,49.443276,26.42309,12.137361,14.088136,15.318653
65,118,440.56055,-0.213489,-0.039537,0.173951,13.004,7.702,10.808,12.096,15.346,0.401202614,0.996234744,1.85836,8.329639,1.903202,14.699583,291.4701,6.11,26.53,5.36,4.66,10.665,9.174002671,422.35578,0.513,299.92531,2.4392,-0.56608,-1e-05,65,-71.5407,72.06812,15.76653,432.38422,0.24949209,107.87644,17.15475,22.12901,312.75,74.08,6.74171,16.28696,12.02498,1.43898,-0.01069,-0.00379,0.20826,10.864196,47.909462,28.61736,9.196007,13.209578,14.31687
46,93,352.36419,-0.207888,-0.024712,0.183176,12.877,7.639,7.527,12.934,15.261,0.427215721,0.998887289,1.345035,5.166283,2.11563,30.592172,468.2253,6.6,8.91,5.01,5.65,6.5425,1.479313608,314.43763,0.5652,222.77678,2.6265,-0.3239,0,46,-47.61417,70.63074,16.30614,448.64218,0.21552919,96.69548,20.56663,23.75353,220.78,70.26,7.1746,15.91405,12.21813,1.85432,-0.283937,-0.0908,11.20158,-47.614166,42.636015,-6.00646,20.943492,7.174598,13.804699
82,136,498.6609,-0.211514,-0.027491,0.184022,11.692,7.046,10.323,12.569,13.838,0.376749251,0.981975589,1.872331,7.918347,1.97636,24.996996,216.5548,10.91,12.67,8.05,8.02,9.9125,1.977958228,514.05521,0.4745,358.18656,2.3118,-0.45961,0,82,-54.74531,68.14389,20.09093,291.57516,0.24179754,70.50216,13.40741,22.89587,418.46,81.44,6.63249,16.7924,11.98982,1.40685,-0.091299,-0.02946,0.08017,21.396437,33.605389,27.77678,4.373372,13.367509,14.60574
82,171,652.7033,-0.143506,-0.066861,0.076645,15.729,9.064,9.662,12.655,17.723,0.442632368,0.97765887,1.792051,7.44373,3.20235,60.444855,756.8407,6.79,14.61,4.35,4.93,7.67,4.106945337,523.40088,0.5156,416.89379,2.5998,-0.91969,-7e-05,82,-68.42167,131.5509,14.27266,658.7082,0.21836242,143.83712,22.65836,24.92525,379.82,72.6,6.7764,16.76491,11.89809,1.95085,-0.252517,-0.11066,2.92007,-62.311104,-4.176702,-38.14481,12.20793,8.10121,14.684476
59,99,364.5042,-0.134937,-0.026561,0.108376,10.978,6.689,9.46,11.412,13.251,0.388330452,0.990506802,1.759284,7.674938,4.151324,13.520862,140.8201,10.69,10.34,8.44,7.84,9.3275,1.212628859,349.38021,0.5595,256.98414,2.3553,-0.44854,0,59,-63.18553,110.32407,23.44709,608.02806,0.23845535,144.98755,24.31981,33.00299,303.45,86.9,7.56499,15.94206,12.02016,1.60481,-0.267263,-0.14679,5.63765,-34.523644,44.673324,-12.6115,7.264631,9.608643,15.214762
102,208,790.8674,-0.14783,-0.059656,0.088173,17.698,10.049,13.454,13.595,19.364,0.417210695,0.963478953,2.312543,11.129174,3.940244,57.248292,958.8662,13.4,10.38,7.7,7.26,9.685,2.454847246,676.76888,0.4526,504.05563,2.6054,-1.44168,-2e-05,102,-83.47732,117.69893,14.44092,602.10244,0.24414165,146.99828,20.80866,23.94728,497.77,73.58,7.19573,16.8099,12.08155,1.65073,-0.310525,-0.13507,4.59702,-39.383122,31.886511,-13.45266,10.138087,9.069122,15.116004
67,141,538.55576,-0.138376,-0.049235,0.089141,14.829,8.614,9.555,11.902,17.14,0.444075964,0.994892036,1.599872,7.166373,4.466019,27.789211,264.8014,11.14,23.49,4.72,6.74,11.5225,7.288924389,441.25703,0.535,341.02726,2.6223,-0.7908,-5e-05,67,-105.69467,109.8124,11.86713,722.00703,0.24768908,178.83326,24.34064,26.38991,345.55,78.35,4.95698,16.35891,11.95303,2.09944,-0.446908,-0.18836,5.91705,-28.37005,9.20405,-15.76666,6.844176,9.974445,15.036255
72,135,506.62205,-0.218799,-0.048701,0.170098,13.104,7.752,10.203,11.63,14.847,0.404770992,0.957623839,1.81546,7.753708,1.998608,30.121843,291.3917,5.87,31.58,6.2,7.59,12.81,10.85606973,473.86717,0.494,336.79697,2.4978,-0.57831,-1e-05,72,-76.63588,73.77308,16.41494,516.05287,0.24502433,126.44551,17.78164,23.33423,356.98,75.35,6.90557,16.40941,12.08766,1.52536,-0.002475,-0.00137,0.33351,20.555252,37.025507,29.84537,3.46498,11.946486,14.395361
82,117,415.68033,-0.178771,0.038911,0.217682,13.439,7.919,9.714,13.437,13.585,0.36980074,0.85774719,1.992461,7.343294,1.211259,2.650625,98.5188,13.5,13.46,2.99,3.36,8.3275,5.154179736,480.686,0.4706,319.94747,2.1574,0,0,82,-56.40365,59.72777,20.00993,330.16091,0.22421519,74.02709,10.28016,21.78671,409.09,85.15,6.75976,15.49748,12.03787,1.18947,0,0,7.17531,-56.403647,59.598155,-22.78499,18.593141,6.75976,13.599328
